{
    "format_version": 2,
    "tooth": "github.com/LiteLDev/bds",
    "version": "1.20.72",
    "info": {
        "name": "Minecraft Bedrock Dedicated Server",
        "description": "Bedrock Dedicated Servers allow Minecraft players on Windows and Linux computers to set up their own server at home, or host their server using a cloud-based service.",
        "author": "Mojang",
        "tags": [
            "bds",
            "minecraft"
        ]
    },
    "commands": {
        "post_install": [
            ".\\.lip\\tools\\bdsdown\\bdsdown.exe -y -v 1.20.72.01"
        ]
    },
    "dependencies": {
        "github.com/LiteLDev/bdsdown": "\u003e=0.4.0"
    },
    "files": {
        "remove": [
            "behavior_packs",
            "config",
            "definitions",
            "development_behavior_packs",
            "development_resource_packs",
            "development_skin_packs",
            "resource_packs",
            "world_templates",
            "bedrock_server.exe",
            "bedrock_server.pdb",
            "bedrock_server_how_to.html",
            "release-notes.txt",
            "valid_known_packs.json"
        ]
    }
}